Cloud Pocket Name,Type,Txn,CP Bal,Account Bal,Category,Memo,Date,Time,Note
ใช้,Payment,-85.00,4915.00,52000.00,อาหาร,,1/1/2025,08:15:22,ก๋วยเตี๋ยวเรือท่าพระจันทร์
ใช้,Payment,-45.00,4870.00,51955.00,อาหาร,,1/1/2025,12:30:05,MK Restaurant สยาม
ใช้,Payment,-120.00,4750.00,51835.00,ช้อปปิ้ง,,2/1/2025,14:22:10,Uniqlo สยามพารากอน
ใช้,Transfer Withdraw,-500.00,4250.00,51335.00,อื่นๆ,,2/1/2025,17:00:00,NATNAPA JUMPATIP
ใช้,Payment,-60.00,4190.00,51275.00,อาหาร,,3/1/2025,09:10:33,Starbucks สยาม
ใช้,Payment,-35.00,4155.00,51240.00,อาหาร,,3/1/2025,13:45:12,ข้าวมันไก่ประตูน้ำ
ใช้,Payment,-280.00,3875.00,50960.00,ช้อปปิ้ง,,4/1/2025,15:20:44,Warrix สปอร์ต สยาม
ใช้,Payment,-95.00,3780.00,50865.00,อาหาร,,5/1/2025,12:05:18,ส้มตำนัว มาบุญครอง
ใช้,Payment,-55.00,3725.00,50810.00,เดินทาง,,5/1/2025,18:30:00,Grab Car
ใช้,Payment,-40.00,3685.00,50770.00,อาหาร,,6/1/2025,08:00:55,กาแฟอเมซอน
ใช้,Payment,-75.00,3610.00,50695.00,อาหาร,,7/1/2025,19:15:30,Yayoi สยาม
ใช้,Payment,-3200.00,410.00,47495.00,ช้อปปิ้ง,,8/1/2025,14:00:00,Apple Store iPad case
Cashbox,Deposit,10000.00,10410.00,57495.00,,,9/1/2025,10:00:00,เติมเงิน
ใช้,Payment,-90.00,10320.00,57405.00,อาหาร,,9/1/2025,12:30:22,Sushi Hiro เซ็นทรัล
ใช้,Payment,-45.00,10275.00,57360.00,เดินทาง,,10/1/2025,08:20:10,BTS Rabbit Card
ใช้,Payment,-65.00,10210.00,57295.00,อาหาร,,10/1/2025,13:00:44,ก๋วยจั๊บอ้วน
ใช้,Payment,-180.00,10030.00,57115.00,บันเทิง,,11/1/2025,19:30:00,SF Cinema เมเจอร์
ใช้,Payment,-50.00,9980.00,57065.00,อาหาร,,12/1/2025,08:10:05,กาแฟวาวี
ใช้,Payment,-320.00,9660.00,56745.00,ช้อปปิ้ง,,12/1/2025,15:45:33,H&M สยาม
ใช้,Payment,-85.00,9575.00,56660.00,อาหาร,,13/1/2025,12:00:00,โอโตยะ เซ็นทรัล
ใช้,Transfer Withdraw,-2000.00,7575.00,54660.00,อื่นๆ,,14/1/2025,16:00:00,NATNAPA JUMPATIP
ใช้,Payment,-55.00,7520.00,54605.00,เดินทาง,,15/1/2025,09:00:00,Grab Car
ใช้,Payment,-70.00,7450.00,54535.00,อาหาร,,15/1/2025,13:20:18,ข้าวหน้าเป็ดเยาวราช
ใช้,Payment,-4800.00,2650.00,49735.00,ช้อปปิ้ง,,16/1/2025,14:30:00,Nike สยามสปอร์ต
ใช้,Payment,-45.00,2605.00,49690.00,อาหาร,,17/1/2025,08:30:22,Cafe Amazon ปตท.
ใช้,Payment,-95.00,2510.00,49595.00,อาหาร,,18/1/2025,19:00:11,Pizza Company
ใช้,Payment,-30.00,2480.00,49565.00,เดินทาง,,19/1/2025,07:45:00,MRT บัตรเติมเงิน
ใช้,Payment,-110.00,2370.00,49455.00,อาหาร,,20/1/2025,12:45:33,Fuji Japanese
ใช้,Payment,-60.00,2310.00,49395.00,บันเทิง,,21/1/2025,20:00:00,Netflix Thailand
Cashbox,Deposit,10000.00,12310.00,59395.00,,,22/1/2025,10:00:00,เติมเงิน
ใช้,Payment,-75.00,12235.00,59320.00,อาหาร,,22/1/2025,13:10:05,ชาบูชิ เมเจอร์
ใช้,Payment,-45.00,12190.00,59275.00,เดินทาง,,23/1/2025,08:00:00,Grab Car
ใช้,Payment,-5500.00,6690.00,53775.00,ช้อปปิ้ง,,24/1/2025,16:00:00,Samsung Galaxy Tab
ใช้,Payment,-80.00,6610.00,53695.00,อาหาร,,25/1/2025,12:30:44,ส้มตำทะเล
ใช้,Payment,-55.00,6555.00,53640.00,อาหาร,,26/1/2025,08:15:22,Doi Chaang Coffee
ใช้,Payment,-150.00,6405.00,53490.00,ช้อปปิ้ง,,27/1/2025,15:00:00,Tops Supermarket
ใช้,Payment,-90.00,6315.00,53400.00,อาหาร,,28/1/2025,19:30:11,Zen Japanese
ใช้,Payment,-40.00,6275.00,53360.00,เดินทาง,,29/1/2025,08:30:00,BTS Rabbit
ใช้,Payment,-65.00,6210.00,53295.00,อาหาร,,30/1/2025,12:00:00,ก๋วยเตี๋ยวต้มยำ
ใช้,Payment,-85.00,6125.00,53210.00,อาหาร,,31/1/2025,13:00:22,Siam Square One
ใช้,Payment,-95.00,6030.00,53115.00,อาหาร,,1/2/2025,12:15:00,Fuji สยาม
ใช้,Transfer Withdraw,-1500.00,4530.00,51615.00,อื่นๆ,,2/2/2025,17:30:00,NATNAPA JUMPATIP
ใช้,Payment,-55.00,4475.00,51560.00,อาหาร,,3/2/2025,08:00:11,กาแฟอเมซอน
ใช้,Payment,-6200.00,-1725.00,45360.00,ช้อปปิ้ง,,4/2/2025,15:00:00,Dyson Airwrap Shopee
Cashbox,Deposit,10000.00,8275.00,55360.00,,,5/2/2025,10:00:00,เติมเงิน
ใช้,Payment,-70.00,8205.00,55290.00,อาหาร,,5/2/2025,12:30:44,โออิชิ แกรนด์
ใช้,Payment,-45.00,8160.00,55245.00,เดินทาง,,6/2/2025,08:45:00,Grab Car
ใช้,Payment,-120.00,8040.00,55125.00,บันเทิง,,7/2/2025,19:00:00,Concert BNK48
ใช้,Payment,-80.00,7960.00,55045.00,อาหาร,,8/2/2025,12:00:22,MK Restaurant
ใช้,Payment,-65.00,7895.00,54980.00,อาหาร,,9/2/2025,13:30:10,ก๋วยจั๊บ
ใช้,Payment,-35.00,7860.00,54945.00,เดินทาง,,10/2/2025,09:00:00,MRT
ใช้,Payment,-90.00,7770.00,54855.00,อาหาร,,11/2/2025,19:15:33,Sushi Hero
ใช้,Payment,-250.00,7520.00,54605.00,ช้อปปิ้ง,,12/2/2025,15:45:00,กิฟต์วาเลนไทน์
ใช้,Payment,-75.00,7445.00,54530.00,อาหาร,,13/2/2025,12:20:05,โตเกียวสไตล์
ใช้,Payment,-1800.00,5645.00,52730.00,บันเทิง,,14/2/2025,19:00:00,Fine Dining วาเลนไทน์
ใช้,Payment,-55.00,5590.00,52675.00,อาหาร,,15/2/2025,08:30:22,Cafe Amazon
ใช้,Payment,-45.00,5545.00,52630.00,เดินทาง,,16/2/2025,09:15:00,Grab Car
ใช้,Payment,-85.00,5460.00,52545.00,อาหาร,,17/2/2025,12:45:11,ชาบู MK
ใช้,Payment,-60.00,5400.00,52485.00,อาหาร,,18/2/2025,08:00:44,Starbucks
Cashbox,Deposit,10000.00,15400.00,62485.00,,,19/2/2025,10:00:00,เติมเงิน
ใช้,Payment,-100.00,15300.00,62385.00,อาหาร,,19/2/2025,19:00:00,Kichi Kichi
ใช้,Payment,-45.00,15255.00,62340.00,เดินทาง,,20/2/2025,08:00:00,BTS
ใช้,Payment,-4200.00,11055.00,58140.00,ช้อปปิ้ง,,21/2/2025,14:00:00,JBL Speaker Lazada
ใช้,Payment,-75.00,10980.00,58065.00,อาหาร,,22/2/2025,12:30:00,โออิชิ บุฟเฟต์
ใช้,Payment,-55.00,10925.00,58010.00,อาหาร,,23/2/2025,08:15:22,กาแฟวาวี
ใช้,Payment,-90.00,10835.00,57920.00,อาหาร,,24/2/2025,19:30:11,Suki Teenoi
ใช้,Transfer Withdraw,-2000.00,8835.00,55920.00,อื่นๆ,,25/2/2025,17:00:00,NATNAPA JUMPATIP
ใช้,Payment,-65.00,8770.00,55855.00,อาหาร,,26/2/2025,12:00:44,ก๋วยเตี๋ยวเรือ
ใช้,Payment,-50.00,8720.00,55805.00,เดินทาง,,27/2/2025,09:00:00,Grab Car
ใช้,Payment,-80.00,8640.00,55725.00,อาหาร,,28/2/2025,13:15:33,Fuji Japanese
ใช้,Payment,-95.00,8545.00,55630.00,อาหาร,,1/3/2025,12:00:00,Yayoi เซ็นทรัล
ใช้,Payment,-40.00,8505.00,55590.00,เดินทาง,,2/3/2025,08:30:00,MRT
ใช้,Payment,-7500.00,1005.00,48090.00,ช้อปปิ้ง,,3/3/2025,15:00:00,MacBook Pro Accessories
Cashbox,Deposit,10000.00,11005.00,58090.00,,,4/3/2025,10:00:00,เติมเงิน
ใช้,Payment,-85.00,10920.00,58005.00,อาหาร,,4/3/2025,19:00:22,Shabushi เซ็นทรัล
ใช้,Payment,-60.00,10860.00,57945.00,อาหาร,,5/3/2025,12:30:10,ข้าวหน้าเป็ด
ใช้,Payment,-45.00,10815.00,57900.00,เดินทาง,,6/3/2025,08:00:00,BTS Rabbit
ใช้,Payment,-55.00,10760.00,57845.00,อาหาร,,7/3/2025,08:15:33,Cafe Amazon
ใช้,Payment,-120.00,10640.00,57725.00,บันเทิง,,8/3/2025,19:30:00,SF Cinema
ใช้,Payment,-75.00,10565.00,57650.00,อาหาร,,9/3/2025,12:45:22,โออิชิ
ใช้,Transfer Withdraw,-1500.00,9065.00,56150.00,อื่นๆ,,10/3/2025,17:00:00,NATNAPA JUMPATIP
ใช้,Payment,-90.00,8975.00,56060.00,อาหาร,,11/3/2025,19:15:11,Kichi Kichi
ใช้,Payment,-50.00,8925.00,56010.00,เดินทาง,,12/3/2025,09:00:00,Grab Car
ใช้,Payment,-65.00,8860.00,55945.00,อาหาร,,13/3/2025,12:00:44,ก๋วยจั๊บ
ใช้,Payment,-3800.00,5060.00,52145.00,ช้อปปิ้ง,,14/3/2025,14:30:00,Adidas Running Shoes
ใช้,Payment,-80.00,4980.00,52065.00,อาหาร,,15/3/2025,13:00:05,Fuji สยาม
Cashbox,Deposit,10000.00,14980.00,62065.00,,,16/3/2025,10:00:00,เติมเงิน
ใช้,Payment,-55.00,14925.00,62010.00,อาหาร,,16/3/2025,08:30:22,กาแฟอเมซอน
ใช้,Payment,-100.00,14825.00,61910.00,อาหาร,,17/3/2025,19:30:00,Sushi Hiro
ใช้,Payment,-45.00,14780.00,61865.00,เดินทาง,,18/3/2025,08:15:00,MRT
ใช้,Payment,-70.00,14710.00,61795.00,อาหาร,,19/3/2025,12:20:33,ส้มตำ
ใช้,Payment,-5900.00,8810.00,55895.00,ช้อปปิ้ง,,20/3/2025,15:00:00,iPad keyboard Shopee
ใช้,Payment,-85.00,8725.00,55810.00,อาหาร,,21/3/2025,12:45:10,โตเกียวสไตล์
ใช้,Transfer Withdraw,-2000.00,6725.00,53810.00,อื่นๆ,,22/3/2025,17:30:00,NATNAPA JUMPATIP
ใช้,Payment,-60.00,6665.00,53750.00,อาหาร,,23/3/2025,08:00:00,Starbucks
ใช้,Payment,-90.00,6575.00,53660.00,อาหาร,,24/3/2025,19:00:22,Suki Destiny
ใช้,Payment,-50.00,6525.00,53610.00,เดินทาง,,25/3/2025,09:00:00,Grab Car
ใช้,Payment,-75.00,6450.00,53535.00,อาหาร,,26/3/2025,12:30:11,MK Restaurant
ใช้,Payment,-150.00,6300.00,53385.00,ช้อปปิ้ง,,27/3/2025,15:45:00,Boots Pharmacy
ใช้,Payment,-95.00,6205.00,53290.00,อาหาร,,28/3/2025,19:15:33,Fuji Japanese
ใช้,Payment,-40.00,6165.00,53250.00,เดินทาง,,29/3/2025,08:30:00,BTS
ใช้,Payment,-80.00,6085.00,53170.00,อาหาร,,30/3/2025,12:00:44,ก๋วยเตี๋ยวเรือ
ใช้,Payment,-55.00,6030.00,53115.00,อาหาร,,31/3/2025,08:15:22,Cafe Amazon
